,City,Lat,Lng,Max Temp,Humidity,Cloudiness,Wind Speed,Country,Date
0,kruisfontein,-34.0033,24.7314,11.05,77,14,3.22,ZA,1651364678
1,castro,-24.7911,-50.0119,15.2,98,53,2.3,BR,1651364678
2,narsaq,60.9167,-46.05,7.12,72,37,0.16,GL,1651364679
3,college,64.8569,-147.8028,12.77,31,40,8.23,US,1651364680
4,barrow,71.2906,-156.7887,-2.99,74,0,1.54,US,1651364558
5,punta arenas,-53.15,-70.9167,6.06,87,40,3.6,CL,1651364681
6,kapaa,22.0752,-159.319,27.99,77,40,7.2,US,1651364682
7,souillac,-20.5167,57.5167,23.79,85,9,3.67,MU,1651364682
8,songea,-10.6833,35.65,15.1,94,18,0.7,TZ,1651364683
9,longyearbyen,78.2186,15.6401,-12.09,61,0,2.06,SJ,1651364684
10,rikitea,-23.1203,-134.9692,24.76,73,73,4.69,PF,1651364684
11,ribeira grande,38.5167,-28.7,16.7,85,41,2.42,PT,1651364685
12,lebu,-37.6167,-73.65,10.0,79,4,5.98,CL,1651364686
13,diu,20.7141,70.9822,26.7,88,2,3.25,IN,1651364686
14,biak,-0.9131,122.8766,26.31,81,96,1.56,ID,1651364687
15,morondava,-20.2833,44.2833,21.75,78,0,4.1,MG,1651364687
16,upernavik,72.7868,-56.1549,-14.23,79,30,2.49,GL,1651364688
17,mataura,-46.1927,168.8643,13.04,72,100,1.41,NZ,1651364688
18,kodiak,57.79,-152.4072,4.73,87,100,11.83,US,1651364689
19,victoria,22.2855,114.1577,22.4,89,100,7.6,HK,1651364468
20,ushuaia,-54.8,-68.3,4.81,65,20,2.57,AR,1651364616
21,sao felix do xingu,-6.6447,-51.995,22.15,97,64,0.65,BR,1651364690
22,tiarei,-17.5333,-149.3333,30.01,74,24,5.77,PF,1651364691
23,saskylakh,71.9167,114.0833,-12.78,89,100,7.14,RU,1651364692
24,lavrentiya,65.5833,-171.0,-1.84,80,99,5.53,RU,1651364692
25,luba,3.4568,8.5547,24.94,82,45,0.78,GQ,1651364693
26,mar del plata,-38.0023,-57.5575,10.49,73,0,2.68,AR,1651364611
27,tuatapere,-46.1333,167.6833,12.86,98,100,1.37,NZ,1651364694
28,shizuishan,39.2333,106.7694,12.97,13,0,4.96,CN,1651364694
29,butaritari,3.0707,172.7902,27.2,81,70,5.94,KI,1651364695
30,esil,51.9556,66.4042,10.11,59,100,5.81,KZ,1651364696
31,bredasdorp,-34.5322,20.0403,12.57,90,25,2.27,ZA,1651364696
32,bambous virieux,-20.3428,57.7575,23.45,83,37,4.36,MU,1651364697
33,beringovskiy,63.05,179.3167,-3.16,91,100,8.51,RU,1651364698
34,oktyabrskiy,54.4815,53.471,4.5,63,68,1.97,RU,1651364698
35,barcelos,41.5388,-8.6151,13.25,93,1,0.17,PT,1651364699
36,sangin,32.0728,64.8359,26.09,16,41,0.97,AF,1651364700
37,puerto ayora,-0.7393,-90.3518,22.79,87,63,2.84,EC,1651364700
38,tiksi,71.6872,128.8694,0.68,96,100,4.2,RU,1651364701
39,east london,-33.0153,27.9116,16.14,71,3,5.3,ZA,1651364467
40,port elizabeth,-33.918,25.5701,15.73,72,0,4.12,ZA,1651364702
41,bengkulu,-3.8004,102.2655,23.84,93,95,2.31,ID,1651364702
42,hailey,43.5196,-114.3153,4.89,79,100,4.02,US,1651364660
43,hilo,19.7297,-155.09,25.71,83,75,3.6,US,1651364703
44,albany,42.6001,-73.9662,13.23,66,67,2.29,US,1651364124
45,goderich,43.7501,-81.7165,14.18,26,100,5.14,CA,1651364419
46,mata,40.683,-7.4592,14.22,81,5,1.84,PT,1651364704
47,avarua,-21.2078,-159.775,29.03,74,40,4.63,CK,1651364705
48,hermanus,-34.4187,19.2345,14.28,85,37,2.5,ZA,1651364706
49,vostok,46.4856,135.8833,4.17,49,100,4.39,RU,1651364706
50,livingston,55.9029,-3.5226,10.2,89,75,5.66,GB,1651364707
51,saint-philippe,-21.3585,55.7679,23.77,78,15,3.64,RE,1651364707
52,nikolskoye,59.7035,30.7861,3.17,80,94,2.78,RU,1651364708
53,busselton,-33.65,115.3333,14.09,81,0,2.14,AU,1651364709
54,pilar,-9.5972,-35.9567,22.96,84,100,1.05,BR,1651364704
55,arraial do cabo,-22.9661,-42.0278,23.28,85,100,5.78,BR,1651364710
56,venancio aires,-29.6064,-52.1919,17.37,97,100,0.51,BR,1651364710
57,bratsk,56.1325,101.6142,14.27,86,81,1.86,RU,1651364711
58,norman wells,65.282,-126.8329,9.02,43,20,7.2,CA,1651364712
59,saint george,37.1041,-113.5841,29.97,10,0,3.13,US,1651364633
60,jamestown,42.097,-79.2353,13.8,28,0,3.6,US,1651364712
61,broken hill,-31.95,141.4333,16.84,51,0,4.12,AU,1651364666
62,bonavista,48.6499,-53.1147,2.03,97,100,2.66,CA,1651364559
63,bluff,-46.6,168.3333,13.22,95,100,4.61,NZ,1651364714
64,vaini,-21.2,-175.2,28.09,89,75,4.12,TO,1651364714
65,saint-pierre,-21.3393,55.4781,23.82,77,0,2.57,RE,1651364715
66,buala,-8.145,159.5921,29.41,67,100,0.6,SB,1651364716
67,richards bay,-28.783,32.0377,17.81,83,10,4.35,ZA,1651364716
68,chuy,-33.6971,-53.4616,13.54,72,100,2.38,UY,1651364717
69,tarko-sale,64.9225,77.785,-3.36,84,94,7.65,RU,1651364717
70,wajir,1.7471,40.0573,25.42,81,82,4.92,KE,1651364723
71,tilichiki,60.4667,166.1,-1.39,85,33,3.71,RU,1651364723
72,sao benedito do rio preto,-3.3336,-43.5283,23.3,96,94,0.92,BR,1651364724
73,zapolyarnyy,69.4154,30.8136,-5.4,93,73,3.27,RU,1651364482
74,provideniya,64.3833,-173.3,0.43,87,100,7.08,RU,1651364725
75,bari,41.1177,16.8512,14.92,58,0,3.09,IT,1651364480
76,nemuro,43.3236,145.575,5.08,56,98,3.56,JP,1651364725
77,sitka,57.0531,-135.33,12.94,41,75,1.54,US,1651364726
78,lakatoro,-16.0999,167.4164,26.69,81,100,2.52,VU,1651364727
79,romny,50.751,33.4747,4.94,84,12,2.68,UA,1651364727
80,bathsheba,13.2167,-59.5167,26.34,83,40,6.69,BB,1651364728
81,thompson,55.7435,-97.8558,3.09,65,100,6.69,CA,1651364729
82,tuktoyaktuk,69.4541,-133.0374,2.0,80,40,4.63,CA,1651364729
83,sobolevo,54.4299,31.8996,2.87,69,66,2.1,RU,1651364730
84,yellowknife,62.456,-114.3525,1.29,55,0,5.66,CA,1651364661
85,ancud,-41.8697,-73.8203,10.26,89,100,2.85,CL,1651364730
86,hithadhoo,-0.6,73.0833,29.48,68,100,6.35,MV,1651364731
87,vyartsilya,62.1764,30.693,-3.38,100,86,1.06,RU,1651364732
88,cabo san lucas,22.8909,-109.9124,29.78,38,40,7.2,MX,1651364732
89,hobart,-42.8794,147.3294,16.68,57,75,4.12,AU,1651364601
90,matamoros,25.5333,-103.25,35.06,8,40,3.6,MX,1651364733
91,gubin,51.9496,14.7284,7.39,69,86,1.34,PL,1651364734
92,naruja,41.9069,41.9542,10.18,95,96,1.01,GE,1651364734
93,wanning,18.8003,110.3967,24.68,95,100,3.16,CN,1651364735
94,shishou,29.7226,112.419,13.35,76,100,3.2,CN,1651364736
95,killybegs,54.6333,-8.45,10.15,92,100,7.14,IE,1651364736
96,kostomuksha,64.571,30.5767,-6.44,94,59,1.32,RU,1651364737
97,kuantan,3.8077,103.326,26.06,94,20,0.0,MY,1651364737
98,georgetown,5.4112,100.3354,28.96,89,20,1.54,MY,1651364485
99,hasaki,35.7333,140.8333,17.38,66,100,7.95,JP,1651364738
100,muros,42.7762,-9.0603,13.98,86,5,1.87,ES,1651364739
101,cayenne,4.9333,-52.3333,27.83,10,0,1.03,GF,1651364634
102,rio gallegos,-51.6226,-69.2181,2.03,87,0,2.06,AR,1651364740
103,torbay,47.6666,-52.7314,5.98,96,100,4.12,CA,1651364741
104,saldanha,-33.0117,17.9442,12.03,89,7,4.79,ZA,1651364741
105,san jose,37.3394,-121.895,22.38,60,75,7.72,US,1651364462
106,qasigiannguit,68.8193,-51.1922,-5.86,85,5,2.49,GL,1651364742
107,tokmak,47.2514,35.7058,8.6,63,78,4.18,UA,1651364743
108,san ignacio,17.1561,-89.0714,33.08,55,0,3.09,BZ,1651364744
109,tevaitoa,-16.7833,-151.5,27.3,72,12,5.83,PF,1651364744
110,qaanaaq,77.484,-69.3632,-12.7,80,77,2.51,GL,1651364745
111,galveston,29.3669,-94.9669,27.25,84,20,6.17,US,1651364745
112,chokurdakh,70.6333,147.9167,-6.44,90,54,4.07,RU,1651364746
113,kisanga,-7.4362,37.7034,21.64,82,73,1.31,TZ,1651364746
114,koslan,63.4564,48.8989,-4.09,92,78,1.88,RU,1651364747
115,klaksvik,62.2266,-6.589,7.51,85,50,2.63,FO,1651364747
116,adrar,20.5022,-10.0711,25.46,12,0,4.11,MR,1651364748
117,turukhansk,65.8167,87.9833,-8.89,92,81,3.66,RU,1651364749
118,new norfolk,-42.7826,147.0587,16.48,38,72,2.28,AU,1651364749
119,miyako,39.6367,141.9525,9.46,72,100,4.41,JP,1651364750
120,monte escobedo,22.3,-103.5833,25.54,4,61,5.71,MX,1651364751
121,khatanga,71.9667,102.5,-12.33,96,95,4.49,RU,1651364751
122,nioro,13.35,-15.75,27.75,40,89,2.78,GM,1651364752
123,xichang,27.8964,102.2634,7.44,90,100,2.73,CN,1651364753
124,burns lake,54.2331,-125.7533,11.68,59,99,2.38,CA,1651364661
125,kahului,20.8947,-156.47,28.01,65,40,8.23,US,1651364754
126,megion,61.0296,76.1136,-2.99,70,5,2.39,RU,1651364754
127,marsh harbour,26.5412,-77.0636,22.61,81,100,9.94,BS,1651364755
128,talnakh,69.4865,88.3972,-6.55,95,100,5.13,RU,1651364756
129,pevek,69.7008,170.3133,-11.86,89,98,2.7,RU,1651364757
130,ekibastuz,51.6667,75.3667,14.02,60,75,3.51,KZ,1651364757
131,touros,-5.1989,-35.4608,26.8,75,20,7.01,BR,1651364758
132,seoul,37.5683,126.9778,14.76,49,0,1.03,KR,1651364715
133,tokur,53.1333,132.9,-0.07,65,100,1.7,RU,1651364759
134,marawi,7.9986,124.2928,23.44,84,35,0.93,PH,1651364759
135,mahebourg,-20.4081,57.7,23.47,83,33,4.3,MU,1651364760
136,zhigansk,66.7697,123.3711,-0.21,97,100,11.44,RU,1651364761
137,rawson,-43.3002,-65.1023,9.7,61,31,8.53,AR,1651364761
138,nome,64.5011,-165.4064,10.04,38,0,1.54,US,1651364762
139,sheridan,44.8333,-106.9173,13.21,38,0,3.6,US,1651364763
140,yumen,40.2833,97.2,9.49,26,0,1.32,CN,1651364763
141,cockburn town,21.4612,-71.1419,24.98,65,40,6.69,TC,1651364764
142,samarinda,-0.5,117.15,24.33,98,100,1.67,ID,1651364765
143,thinadhoo,0.5333,72.9333,30.03,67,83,6.67,MV,1651364766
144,shingu,33.7333,135.9833,15.19,93,100,2.4,JP,1651364766
145,saraland,30.8207,-88.0706,26.4,79,0,3.86,US,1651364767
146,atar,20.5169,-13.0499,27.13,13,68,2.79,MR,1651364768
147,babu,24.4167,111.5167,14.15,94,100,3.73,CN,1651364768
148,freeport,40.6576,-73.5832,15.55,53,0,6.69,US,1651364769
149,nanortalik,60.1432,-45.2371,2.04,90,100,2.79,GL,1651364770
150,rafai,4.95,23.9167,19.61,97,100,0.74,CF,1651364770
151,iisalmi,63.5592,27.1907,-5.2,98,43,1.0,FI,1651364771
152,lekoni,-1.5843,14.2591,24.24,74,56,0.5,GA,1651364772
153,katsuura,35.1333,140.3,15.7,73,100,7.24,JP,1651364772
154,kavieng,-2.5744,150.7967,29.09,67,88,1.07,PG,1651364773
155,chapais,49.7834,-74.8492,5.88,93,11,1.38,CA,1651364720
156,inirida,3.8653,-67.9239,22.08,99,92,1.19,CO,1651364774
157,tasiilaq,65.6145,-37.6368,-0.91,65,51,1.42,GL,1651364775
158,carnarvon,-24.8667,113.6333,20.04,52,0,4.12,AU,1651364775
159,petropavlovsk-kamchatskiy,53.0452,158.6483,6.33,49,75,5.0,RU,1651364776
160,dikson,73.5069,80.5464,-8.37,94,100,6.96,RU,1651364776
161,ponta do sol,32.6667,-17.1,18.35,65,0,1.4,PT,1651364777
162,san cristobal,7.7669,-72.225,19.05,98,99,2.48,VE,1651364778
163,auburn,47.3073,-122.2284,17.91,59,75,3.13,US,1651364779
164,berezhany,49.45,24.9333,6.3,74,53,1.82,UA,1651364779
165,bhimunipatnam,17.8833,83.4333,26.82,88,45,4.42,IN,1651364780
166,la ronge,55.1001,-105.2842,8.14,53,75,3.09,CA,1651364663
167,muriti,-1.9833,32.9167,21.9,74,97,2.38,TZ,1651364781
168,fukue,32.6881,128.8419,15.2,77,75,5.14,JP,1651364781
169,atuona,-9.8,-139.0333,26.14,76,8,5.11,PF,1651364782
170,port alfred,-33.5906,26.891,15.16,83,8,5.91,ZA,1651364782
171,olafsvik,64.8945,-23.7142,6.63,84,99,6.6,IS,1651364783
172,ust-ilimsk,58.0006,102.6619,9.58,96,100,2.44,RU,1651364784
173,misratah,32.3754,15.0925,18.71,72,94,9.28,LY,1651364608
174,iqaluit,63.7506,-68.5145,-5.15,79,20,0.0,CA,1651364565
175,taoudenni,22.6783,-3.9836,26.05,21,0,6.94,ML,1651364785
176,nadym,65.5333,72.5167,-4.65,95,100,3.87,RU,1651364660
177,san patricio,28.017,-97.5169,28.05,65,41,7.32,US,1651364786
178,hobyo,5.3505,48.5268,28.9,73,58,4.47,SO,1651364787
179,xining,36.6167,101.7667,0.27,80,100,0.56,CN,1651364787
180,saint-augustin,51.226,-58.6502,3.61,90,100,7.18,CA,1651364788
181,soyo,-6.1349,12.3689,25.54,88,99,3.0,AO,1651364788
182,luanda,-8.8368,13.2343,26.0,73,40,4.12,AO,1651364708
183,svetlogorsk,52.6333,29.7333,3.64,65,24,1.77,BY,1651364789
184,karratha,-20.7377,116.8463,24.99,53,98,7.0,AU,1651364547
185,laguna,38.421,-121.4238,27.86,49,0,8.23,US,1651364790
186,dunedin,-45.8742,170.5036,17.11,53,91,0.45,NZ,1651364516
187,aksu,41.1231,80.2644,15.07,20,100,2.82,CN,1651364791
188,inta,66.0317,60.1659,-4.75,83,45,5.63,RU,1651364792
189,dingle,10.9995,122.6711,27.56,78,100,3.58,PH,1651364793
190,bubaque,11.2833,-15.8333,25.13,72,51,4.77,GW,1651364793
191,miedzychod,52.5988,15.897,6.88,63,84,0.7,PL,1651364794
192,arrecife,28.963,-13.5477,18.99,77,20,4.12,ES,1651364795
193,tsabong,-26.0217,22.401,14.41,28,0,3.88,BW,1651364795
194,manokwari,-0.8667,134.0833,25.86,85,100,3.63,ID,1651364796
195,bakaly,55.1789,53.8028,3.8,75,65,2.12,RU,1651364797
196,gamba,-2.65,10.0,24.56,93,79,1.63,GA,1651364797
197,pailon,-17.65,-62.75,23.5,68,0,2.34,BO,1651364798
198,benghazi,32.1167,20.0667,20.67,48,100,6.07,LY,1651364798
199,ikom,5.9667,8.7063,24.92,89,100,0.43,NG,1651364799
200,shilong,23.1123,113.8425,18.9,91,100,3.88,CN,1651364800
201,can tho,10.0333,105.7833,24.99,100,20,0.51,VN,1651364800
202,nishihara,26.1842,127.7558,21.6,73,75,5.14,JP,1651364801
203,bandundu,-3.3167,17.3667,22.64,89,53,1.03,CD,1651364802
204,borogontsy,62.6683,131.1683,4.05,64,38,3.08,RU,1651364802
205,novaya zaimka,56.4857,66.9241,2.73,53,100,3.57,RU,1651364803
206,aklavik,68.2191,-135.0107,3.11,91,93,5.95,CA,1651364549
207,lagoa,39.05,-27.9833,15.9,87,0,3.96,PT,1651364804
208,torbat-e jam,35.244,60.6225,21.6,37,89,7.25,IR,1651364804
209,tura,25.5198,90.2201,19.73,92,86,1.0,IN,1651364805
210,severo-kurilsk,50.6789,156.125,2.12,93,92,4.15,RU,1651364805
211,roma,43.2128,-75.4557,12.08,39,0,4.12,US,1651364806
212,esperance,-33.8667,121.9,15.91,62,0,2.8,AU,1651364807
213,korla,41.7597,86.1469,13.64,28,4,2.58,CN,1651364808
214,horqueta,-23.3428,-57.0597,22.56,85,80,1.65,PY,1651364808
215,quatre cocos,-20.2078,57.7625,23.38,83,40,4.4,MU,1651364641
216,pabrade,55.0,25.7833,0.7,65,17,0.53,LT,1651364809
217,altamont,42.2068,-121.7372,13.0,58,40,8.75,US,1651364600
218,roebourne,-20.7833,117.1333,24.91,55,83,6.3,AU,1651364810
219,kijang,35.2442,129.2139,15.85,35,100,3.81,KR,1651364811
220,vila franca do campo,37.7167,-25.4333,17.33,87,20,1.07,PT,1651364811
221,ellisras,-23.6649,27.7443,17.24,51,20,2.06,ZA,1651364812
222,sisimiut,66.9395,-53.6735,-7.27,69,11,2.57,GL,1651364813
223,sierra vista,31.5545,-110.3037,29.85,5,0,5.66,US,1651364813
224,dudinka,69.4058,86.1778,-6.32,95,100,7.71,RU,1651364814
225,chumikan,54.7183,135.315,0.72,92,100,0.87,RU,1651364815
226,cape town,-33.9258,18.4232,16.06,84,0,3.13,ZA,1651364620
227,berlevag,70.8578,29.0864,-5.11,62,98,9.41,NO,1651364815
228,sao filipe,14.8961,-24.4956,22.79,74,78,4.29,CV,1651364816
229,husavik,66.0449,-17.3389,7.58,75,96,3.96,IS,1651364817
230,tanout,14.9709,8.8879,30.88,14,77,2.34,NE,1651364818
231,ribas do rio pardo,-20.4431,-53.7592,25.62,45,73,1.18,BR,1651364818
232,socorro,31.6546,-106.3033,30.71,9,40,3.6,US,1651364819
233,khasan,42.4308,130.6434,8.27,49,29,7.64,RU,1651364819
234,staraya kulatka,52.7167,47.6167,3.37,85,16,4.19,RU,1651364820
235,san angelo,31.4638,-100.437,28.63,19,0,4.02,US,1651364813
236,hualmay,-11.0964,-77.6139,19.06,86,75,4.29,PE,1651364821
237,hambantota,6.1241,81.1185,25.19,100,40,1.03,LK,1651364821
238,tala,30.6803,30.9429,15.83,81,34,2.99,EG,1651364822
239,mount isa,-20.7333,139.5,26.87,50,31,6.69,AU,1651364822
240,naze,28.3667,129.4833,18.51,75,100,6.52,JP,1651364823
241,dali,25.7,100.1833,15.17,70,69,1.0,CN,1651364824
242,ondangwa,-17.9167,15.95,15.0,67,30,0.0,NA,1651364825
243,margate,51.3813,1.3862,8.16,81,100,0.45,GB,1651364553
244,wuda,39.4994,106.7117,11.46,16,0,5.96,CN,1651364826
245,belaya kholunitsa,58.84,50.8528,-0.4,91,100,3.03,RU,1651364826
246,yar-sale,66.8333,70.8333,-9.13,92,46,4.25,RU,1651364827
247,bambanglipuro,-7.95,110.2833,25.7,83,99,1.85,ID,1651364827
248,hamilton,39.1834,-84.5333,21.29,75,0,3.13,US,1651364828
249,aykhal,66.0,111.5,-10.5,87,100,9.2,RU,1651364828
250,north myrtle beach,33.816,-78.68,21.7,80,20,7.72,US,1651364829
251,yatou,37.15,122.3833,13.79,33,18,5.95,CN,1651364830
252,saint anthony,45.0205,-93.218,10.64,91,100,5.66,US,1651364830
253,praya,14.9215,-23.5087,21.3,78,20,5.14,CV,1651364831
254,mogadishu,2.0371,45.3438,27.85,77,100,4.27,SO,1651364832
255,grand gaube,-20.0064,57.6608,23.54,86,21,1.34,MU,1651364832
256,general jose eduvigis diaz,-27.1667,-58.4167,16.02,88,90,2.39,PY,1651364833
257,klyuchi,52.2667,79.1667,13.33,43,60,1.49,RU,1651364833
258,ayan,56.45,138.1667,0.87,90,100,3.36,RU,1651364834
259,bethel,41.3712,-73.414,16.05,25,0,1.54,US,1651364835
260,morden,49.1919,-98.1014,3.24,93,100,7.72,CA,1651364774
261,taltal,-25.4,-70.4833,16.5,80,24,1.52,CL,1651364835
262,sorland,67.667,12.6934,3.35,79,87,7.59,NO,1651364836
263,gotsu,35.0,132.2167,14.75,69,100,2.81,JP,1651364837
264,jimma,7.6667,36.8333,14.39,94,79,0.66,ET,1651364837
265,aanekoski,62.6946,25.818,0.48,87,98,0.52,FI,1651364838
266,khandyga,62.6667,135.6,2.14,75,36,1.56,RU,1651364838
267,youghal,51.95,-7.8506,10.05,100,100,2.58,IE,1651364839
268,beloha,-25.1667,45.05,18.92,89,2,3.25,MG,1651364839
269,sur,22.5667,59.5289,30.14,58,95,2.52,OM,1651364840
270,asau,46.4333,26.4,7.2,93,33,1.35,RO,1651364841
271,sao geraldo do araguaia,-6.4006,-48.555,24.09,88,99,0.22,BR,1651364841
272,kaseda,31.4167,130.3167,16.68,73,100,6.58,JP,1651364842
273,padang,-0.9492,100.3543,25.03,88,100,1.64,ID,1651364811
274,thongwa,16.7619,96.5278,28.09,71,99,0.32,MM,1651364843
275,paamiut,61.994,-49.6678,0.85,96,94,5.71,GL,1651364843
276,komsomolskiy,40.4272,71.7189,18.4,63,15,2.06,UZ,1651364844
277,faanui,-16.4833,-151.75,27.28,72,15,6.08,PF,1651364845
278,businga,3.3333,20.8833,21.74,98,99,1.26,CD,1651364845
279,aksarka,66.5606,67.7975,-10.46,89,30,3.87,RU,1651364846
280,krasnoselkup,65.7,82.4667,-4.71,96,100,7.56,RU,1651364847
281,coahuayana,18.7333,-103.6833,27.75,47,72,2.46,MX,1651364847
282,coquimbo,-29.9533,-71.3436,12.85,94,0,1.54,CL,1651364848
283,kenai,60.5544,-151.2583,9.46,54,75,10.29,US,1651364848
284,ixtapa,20.7,-105.2,25.68,73,20,5.66,MX,1651364563
285,fortuna,40.5982,-124.1573,14.4,70,100,4.63,US,1651364849
286,port augusta,-32.5,137.7667,17.4,51,0,1.96,AU,1651364850
287,bhatkal,13.9667,74.5667,28.23,75,84,1.66,IN,1651364850
288,chicama,-7.8447,-79.1469,17.3,79,48,3.16,PE,1651364851
289,hervey bay,-25.2986,152.8535,23.34,87,48,2.68,AU,1651364852
290,hurricane,37.1753,-113.2899,30.19,11,98,1.66,US,1651364852
291,green river,41.5286,-109.4662,16.22,26,34,0.89,US,1651364707
292,sabang,5.8933,95.3214,28.84,75,100,4.06,ID,1651364853
293,muleba,-1.8397,31.6544,18.19,89,94,2.37,TZ,1651364854
294,bijie,27.3125,105.2942,7.07,91,100,4.23,CN,1651364854
295,labuhan,-6.8844,112.2051,27.34,85,100,4.6,ID,1651364855
296,noumea,-22.2763,166.4572,26.99,99,80,4.85,NC,1651364741
297,bandarbeyla,9.4942,50.8122,28.24,77,66,1.0,SO,1651364856
298,hondo,32.45,130.2,15.02,76,100,3.95,JP,1651364857
299,ambon,-3.6954,128.1814,28.32,74,54,1.08,ID,1651364857
300,lebedinyy,58.5167,125.5167,-0.59,52,12,5.44,RU,1651364858
301,cidreira,-30.1811,-50.2056,18.53,80,100,3.56,BR,1651364858
302,martigny,46.0833,7.0833,7.19,91,44,1.67,CH,1651364859
303,kaitangata,-46.2817,169.8464,14.88,71,100,1.23,NZ,1651364860
304,zalantun,48.0,122.7167,6.82,28,30,6.64,CN,1651364860
305,vuktyl,63.8567,57.3094,-4.17,98,98,1.11,RU,1651364861
306,de aar,-30.6497,24.0123,11.28,53,0,3.15,ZA,1651364816
307,mananjary,-21.2167,48.3333,21.06,85,26,2.36,MG,1651364862
308,gidam,18.9833,81.4,25.77,52,25,0.89,IN,1651364863
309,hope,33.6671,-93.5916,27.03,76,46,1.95,US,1651364658
310,nebolchi,59.1239,33.3454,-1.33,79,96,2.24,RU,1651364864
311,nyurba,63.2842,118.3319,1.96,72,77,4.34,RU,1651364864
312,shamary,57.3434,58.2199,1.25,72,100,1.73,RU,1651364865
313,cape coast,5.1053,-1.2466,27.13,82,59,3.27,GH,1651364629
314,mehran,33.1222,46.1646,25.31,30,61,3.02,IR,1651364866
315,povenets,62.8487,34.8262,0.11,93,100,3.18,RU,1651364866
316,kalmunai,7.4167,81.8167,26.59,84,71,1.6,LK,1651364867
317,salym,60.0625,71.4789,-1.24,71,8,1.65,RU,1651364867
318,upington,-28.4478,21.2561,8.21,76,0,0.0,ZA,1651364868
319,necochea,-38.5473,-58.7368,9.31,55,14,4.21,AR,1651364868
320,grindavik,63.8424,-22.4338,6.97,87,75,5.14,IS,1651364869
321,lewistown,40.5992,-77.5714,14.67,35,0,0.0,US,1651364869
322,evensk,61.95,159.2333,3.08,55,10,3.09,RU,1651364870
323,leningradskiy,69.3833,178.4167,-9.44,83,58,1.88,RU,1651364871
324,assare,-6.8744,-39.875,21.52,60,91,1.85,BR,1651364871
325,bayan,46.0833,127.4,3.23,96,100,2.24,CN,1651364872
326,gladstone,-23.85,151.25,27.1,61,75,5.66,AU,1651364873
327,igrim,63.1906,64.4162,-0.67,85,78,4.3,RU,1651364873
328,ulaanbaatar,47.9077,106.8832,5.07,42,0,0.0,MN,1651364782
329,nouakchott,18.0858,-15.9785,21.96,70,7,6.77,MR,1651364875
330,lichinga,-13.3128,35.2406,15.05,94,20,4.12,MZ,1651364875
331,maraa,-1.8333,-65.3667,22.38,95,76,0.24,BR,1651364876
332,sangar,63.9242,127.4739,-0.05,82,89,6.7,RU,1651364877
333,ashland,40.8167,-82.2665,19.3,72,100,3.9,US,1651364776
334,kungurtug,50.5994,97.5228,7.3,49,68,0.94,RU,1651364877
335,cherskiy,68.75,161.3,-5.19,79,92,4.45,RU,1651364878
336,verkh-tula,54.8839,82.7762,6.88,70,0,5.0,RU,1651364879
337,guines,50.8671,1.8703,5.5,83,90,0.41,FR,1651364880
338,maneadero,31.7167,-116.5667,18.94,75,37,1.34,MX,1651364880
339,luderitz,-26.6481,15.1594,16.34,45,1,4.85,NA,1651364881
340,gat,31.61,34.7642,18.78,100,33,4.53,IL,1651364882
341,emerald,-23.5333,148.1667,24.08,64,46,4.63,AU,1651364703
342,havelock,34.8791,-76.9013,20.99,82,75,1.54,US,1651364882
343,maceio,-9.6658,-35.7353,23.69,88,20,0.51,BR,1651364883
344,kieta,-6.2167,155.6333,29.85,65,100,1.46,PG,1651364883
345,broome,42.2506,-75.833,11.21,27,0,3.09,US,1651364884
346,pisco,-13.7,-76.2167,18.34,82,0,8.23,PE,1651364885
347,fairbanks,64.8378,-147.7164,12.77,31,0,8.23,US,1651364885
348,lasa,46.6166,10.7002,8.49,97,99,1.25,IT,1651364886
349,isangel,-19.55,169.2667,29.06,84,75,1.03,VU,1651364886
350,gilbues,-9.8317,-45.3439,26.26,51,100,1.28,BR,1651364887
351,robe,-37.1833,139.75,16.36,85,73,7.04,AU,1651364888
352,preobrazheniye,42.9019,133.9064,4.79,89,100,1.85,RU,1651364888
353,sabha,27.0377,14.4283,26.48,16,49,9.14,LY,1651364889
354,panaba,21.2833,-88.2667,28.48,58,75,4.32,MX,1651364889
355,angoche,-16.2325,39.9086,22.04,89,15,3.25,MZ,1651364890
356,mayor pablo lagerenza,-19.9309,-60.7718,23.6,61,3,2.33,PY,1651364891
357,cairns,-16.9167,145.7667,26.73,83,75,5.66,AU,1651364708
358,severo-yeniseyskiy,60.3725,93.0408,-3.06,88,95,3.32,RU,1651364891
359,ormara,25.2088,64.6357,28.91,80,17,8.45,PK,1651364892
360,avera,33.194,-82.5271,23.03,57,17,3.45,US,1651364893
361,ostersund,63.1792,14.6357,1.25,80,100,4.12,SE,1651364893
362,galesong,-5.3166,119.3661,25.01,78,75,2.01,ID,1651364894
363,magadan,59.5667,150.8,2.64,66,10,0.82,RU,1651364814
364,codrington,-38.2667,141.9667,17.09,70,91,6.46,AU,1651364895
365,axim,4.8699,-2.2405,26.62,85,88,3.1,GH,1651364896
366,vanimo,-2.6741,141.3028,28.97,68,100,0.71,PG,1651364896
367,dalmatovo,56.26,62.9362,2.57,60,94,3.28,RU,1651364897
368,baijiantan,45.6333,85.1833,16.31,18,44,5.16,CN,1651364898
369,znamenskoye,57.1281,73.8282,1.99,65,100,3.42,RU,1651364898
370,samarai,-10.6167,150.6667,27.76,73,80,3.23,PG,1651364899
371,kuybyshevskiy zaton,55.1593,49.1701,1.8,82,67,5.47,RU,1651364899
372,normandin,48.8333,-72.5321,10.17,46,100,3.09,CA,1651364900
373,sao miguel do araguaia,-13.275,-50.1628,23.31,52,3,1.91,BR,1651364900
374,pangnirtung,66.1451,-65.7125,-5.13,96,99,1.62,CA,1651364901
375,vila velha,-20.3297,-40.2925,24.97,91,75,1.54,BR,1651364902
376,rennes,48.1667,-1.6667,10.02,76,0,1.54,FR,1651364818
377,bilibino,68.0546,166.4372,-8.3,73,37,0.79,RU,1651364902
378,general pico,-35.6566,-63.7568,10.89,51,0,3.85,AR,1651364903
379,orichi,58.4036,49.0572,-1.6,94,82,2.9,RU,1651364904
380,belo oriente,-19.22,-42.4836,17.86,70,4,1.17,BR,1651364904
381,gorontalo,0.5412,123.0595,27.23,83,66,0.33,ID,1651364905
382,vallenar,-28.5708,-70.7581,18.18,56,0,0.71,CL,1651364906
383,north bend,43.4065,-124.2243,12.91,89,100,5.66,US,1651364906
384,qaqortoq,60.7167,-46.0333,2.66,84,73,1.73,GL,1651364907
385,asfi,32.2994,-9.2372,17.05,77,76,3.87,MA,1651364907
386,nuuk,64.1835,-51.7216,-2.66,68,20,6.17,GL,1651364908
387,aba,5.1066,7.3667,24.77,85,94,2.09,NG,1651364908
388,karera,25.4667,78.15,31.41,21,10,3.34,IN,1651364909
389,mehamn,71.0357,27.8492,-1.57,69,99,7.65,NO,1651364811
390,aquiraz,-3.9014,-38.3911,27.05,82,63,3.36,BR,1651364910
391,deputatskiy,69.3,139.9,-6.17,77,22,1.5,RU,1651364911
392,maldonado,-34.6667,-54.9167,11.79,74,99,0.83,UY,1651364911
393,ostrovnoy,68.0531,39.5131,-9.55,91,91,4.52,RU,1651364912
394,potenza,40.6443,15.8086,6.62,83,12,0.45,IT,1651364912
395,rio grande,-32.035,-52.0986,13.86,74,58,3.06,BR,1651364642
396,djambala,-2.5447,14.7533,20.88,83,95,0.7,CG,1651364913
397,santa cruz,-17.8,-63.1667,22.7,73,2,3.09,BO,1651364914
398,wilmington,34.2257,-77.9447,21.95,64,75,5.14,US,1651364794
399,lawrence,38.9717,-95.2353,16.06,50,100,4.63,US,1651364227
400,los llanos de aridane,28.6585,-17.9182,16.86,86,0,7.2,ES,1651364915
401,sioux lookout,50.1001,-91.917,9.04,29,100,4.63,CA,1651364695
402,pandamatenga,-18.5278,25.627,16.13,51,2,0.91,BW,1651364915
403,lata,40.1629,-8.3327,13.93,88,0,0.71,PT,1651364916
404,acapulco,16.8634,-99.8901,28.9,65,0,3.6,MX,1651364917
405,guerrero negro,27.9769,-114.0611,18.27,68,66,8.04,MX,1651364917
406,malabo,3.75,8.7833,24.92,88,20,2.57,GQ,1651364918
407,ust-nera,64.5667,143.2,0.55,89,94,3.15,RU,1651364918
408,borovskoy,53.8,64.15,4.58,75,100,5.35,KZ,1651364919
409,tucuman,-26.8241,-65.2226,15.0,82,100,1.03,AR,1651364920
410,bermeo,43.4209,-2.7215,12.68,82,100,1.98,ES,1651364920
411,katangli,51.7102,143.2326,0.11,100,100,1.55,RU,1651364921
412,hailar,49.2,119.7,4.29,32,86,1.86,CN,1651364922
413,vilhena,-12.7406,-60.1458,21.7,69,80,0.76,BR,1651364852
414,sikonge,-5.6333,32.7667,17.25,88,97,1.76,TZ,1651364922
415,hirara,24.8,125.2833,24.15,88,75,10.8,JP,1651364923
416,amahai,-3.3333,128.9167,28.47,72,48,0.79,ID,1651364924
417,katol,21.2667,78.5833,30.79,22,2,4.26,IN,1651364924
418,ribeirao branco,-24.2208,-48.7656,17.07,99,91,1.41,BR,1651364925
419,te anau,-45.4167,167.7167,13.09,95,100,2.38,NZ,1651364926
420,shimoda,34.6667,138.95,16.2,70,100,4.11,JP,1651364926
421,clyde river,70.4692,-68.5914,-8.87,86,100,2.06,CA,1651364927
422,lorengau,-2.0226,147.2712,29.1,71,99,1.84,PG,1651364928
423,miri,4.4148,114.0089,26.08,89,20,1.03,MY,1651364928
424,almeirim,-1.5233,-52.5817,23.87,96,71,1.22,BR,1651364929
425,sept-iles,50.2001,-66.3821,3.92,75,100,6.17,CA,1651364890
426,okhotsk,59.3833,143.3,2.97,77,31,3.57,RU,1651364930
427,przhevalskoye,55.5093,31.8482,0.83,78,57,1.7,RU,1651364930
428,rincon,32.296,-81.2354,22.7,60,40,5.14,US,1651364931
429,imbituba,-28.24,-48.6703,20.48,92,98,5.12,BR,1651364932
430,santa catalina,9.3337,122.8637,28.99,71,81,3.77,PH,1651364666
431,ocos,14.5094,-92.1933,30.1,65,61,2.45,GT,1651364932
432,aiquile,-18.2041,-65.1807,13.81,77,23,1.73,BO,1651364933
433,ebolowa,2.9,11.15,20.85,96,59,0.66,CM,1651364934
434,cascais,38.6979,-9.4215,17.74,52,20,1.79,PT,1651364934
435,tual,-5.6667,132.75,29.15,71,100,6.49,ID,1651364935
436,oranjemund,-28.55,16.4333,12.26,87,0,4.06,NA,1651364935
437,khargone,21.8167,75.6,29.26,47,2,3.1,IN,1651364936
438,salalah,17.0151,54.0924,30.05,79,40,2.57,OM,1651364937
439,sola,-13.8833,167.55,29.37,79,100,2.06,VU,1651364938
440,caranavi,-15.8167,-67.55,17.4,89,47,0.62,BO,1651364938
441,fare,-16.7,-151.0167,27.32,72,3,5.33,PF,1651364939
442,shilka,51.85,116.0333,8.72,46,93,0.88,RU,1651364939
443,oksfjord,70.2396,22.3479,-2.22,92,100,3.86,NO,1651364940
444,lago da pedra,-4.3333,-45.1667,23.66,94,95,1.24,BR,1651364941
445,bundaberg,-24.85,152.35,26.23,77,75,4.12,AU,1651364901
446,tiznit,29.5833,-9.5,19.82,36,0,1.2,MA,1651364811
447,praia,14.9215,-23.5087,21.3,78,20,5.14,CV,1651364942
448,gao,16.6362,1.637,29.94,13,22,4.99,ML,1651364942
449,limoux,42.9167,2.1667,11.19,87,76,2.28,FR,1651364943
450,mineros,-17.1167,-63.2333,22.71,73,2,1.99,BO,1651364944
451,meulaboh,4.1363,96.1285,25.96,86,93,1.1,ID,1651364945
452,pinega,64.7001,43.3936,-5.55,98,28,1.34,RU,1651364946
453,turbo,8.0937,-76.7269,26.35,85,100,0.31,CO,1651364947
454,melendugno,40.2747,18.3368,10.05,100,0,2.06,IT,1651364947
455,tunceli,39.1083,39.5471,13.04,92,100,1.6,TR,1651364948
456,walvis bay,-22.9575,14.5053,13.38,87,0,2.57,NA,1651364949
457,leshukonskoye,64.8989,45.7622,-7.33,96,50,1.55,RU,1651364949
458,dukat,62.55,155.55,-3.16,80,56,0.56,RU,1651364892
459,pleasant point,-44.2667,171.1333,20.27,45,69,4.14,NZ,1651364950
460,ayr,55.4627,-4.6339,11.29,93,100,6.17,GB,1651364951
461,airai,-8.9266,125.4092,20.82,61,49,1.74,TL,1651364951
462,santa rosa,14.3122,121.1114,31.17,68,88,4.44,PH,1651364823
463,pasil,17.3833,121.1333,24.29,68,78,0.85,PH,1651364953
464,saint-leu,-21.15,55.2833,23.48,77,20,0.49,RE,1651364954
465,ripoll,42.2006,2.1903,11.35,89,94,0.45,ES,1651364954
466,rathenow,52.6066,12.337,9.45,77,58,1.67,DE,1651364955
467,mana,5.6592,-53.7767,25.55,86,26,3.68,GF,1651364956
468,mocuba,-16.8392,36.9856,17.35,98,0,1.1,MZ,1651364956
469,camacha,33.0833,-16.3333,15.68,82,40,5.66,PT,1651364957
470,magaria,12.9983,8.9099,32.15,19,84,2.77,NE,1651364957
471,port blair,11.6667,92.75,27.95,73,85,1.72,IN,1651364958
472,sunndalsora,62.6754,8.5515,3.45,88,96,1.77,NO,1651364958
473,denpasar,-8.65,115.2167,26.81,94,40,1.03,ID,1651364959
474,lunenburg,44.3835,-64.3155,4.47,77,96,7.72,CA,1651364960
475,port lincoln,-34.7333,135.8667,17.25,72,6,4.36,AU,1651364961
476,new london,41.4834,-72.0662,12.33,71,0,3.09,US,1651364961
477,itaituba,-4.2761,-55.9836,23.68,96,85,0.62,BR,1651364962
478,fukuma,33.7667,130.4667,17.94,64,100,1.85,JP,1651364963
479,colares,38.7992,-9.4469,17.64,52,25,1.79,PT,1651364963
480,moree,-29.4667,149.85,18.01,72,25,3.6,AU,1651364964
481,camacupa,-12.0167,17.4833,13.95,67,67,2.12,AO,1651364965
482,omsukchan,62.5333,155.8,-3.24,82,70,0.8,RU,1651364965
483,cap malheureux,-19.9842,57.6142,23.59,86,18,0.89,MU,1651364966
484,ginir,7.1333,40.7,14.12,86,57,2.18,ET,1651364966
485,riosucio,5.4216,-75.7032,16.13,99,100,0.52,CO,1651364967
486,curup,-3.4667,102.5333,20.5,99,97,0.95,ID,1651364968
487,dandong,40.1292,124.3947,11.69,34,56,2.39,CN,1651364968
488,kondopoga,62.2057,34.2614,0.82,97,100,1.87,RU,1651364969
489,erzin,36.9559,36.2,17.27,80,100,1.66,TR,1651364969
490,qui nhon,13.7667,109.2333,26.44,85,78,1.04,VN,1651364970
491,geraldton,-28.7667,114.6,17.23,59,0,5.14,AU,1651364971
492,gubskaya,44.3164,40.6358,12.51,99,98,1.06,RU,1651364972
493,yarkovo,57.4028,67.0786,1.19,64,100,2.27,RU,1651364973
494,jiamusi,46.8333,130.35,2.86,96,100,5.03,CN,1651364973
495,langsa,4.4683,97.9683,24.73,95,84,0.97,ID,1651364974
496,sterling,39.0062,-77.4286,16.76,48,75,2.24,US,1651364975
497,doka,13.5167,35.7667,31.7,17,14,5.29,SD,1651364975
498,balabac,7.9868,117.0645,28.23,77,100,3.09,PH,1651364976
499,alberton,46.8168,-64.0654,1.07,89,100,7.25,CA,1651364977
500,iracoubo,5.4802,-53.2011,25.83,83,47,4.7,GF,1651364977
501,jinchang,38.4953,102.1739,8.03,34,73,1.95,CN,1651364978
502,kenora,49.8167,-94.4337,4.54,93,100,5.14,CA,1651364820
503,daru,-9.0763,143.2092,26.79,88,100,5.31,PG,1651364979
504,sambava,-14.2667,50.1667,22.96,91,18,3.39,MG,1651364979
505,phan thiet,10.9333,108.1,26.72,82,99,1.6,VN,1651364980
506,severnoye,56.3491,78.3619,1.82,64,98,5.77,RU,1651364981
507,faya,18.3851,42.4509,17.06,50,55,3.08,SA,1651364982
508,vila,42.0304,-8.1588,6.5,76,3,0.88,PT,1651364982
509,manggar,-2.8833,108.2667,27.11,82,92,0.76,ID,1651364983
510,tsiroanomandidy,-18.7667,46.0333,17.06,97,0,1.0,MG,1651364984
511,rocha,-34.4833,-54.3333,12.38,76,100,1.66,UY,1651364985
512,lahad datu,5.0268,118.327,26.09,85,91,0.39,MY,1651364985
513,santa luzia,-19.7697,-43.8514,22.5,60,0,4.63,BR,1651364986
514,christchurch,-43.5333,172.6333,23.56,53,44,2.57,NZ,1651364780
515,divnogorsk,55.9594,92.3619,11.27,65,100,2.52,RU,1651364987
516,atocha,-20.9333,-66.2333,11.92,29,11,2.28,BO,1651364988
517,kirakira,-10.4544,161.9205,29.39,69,100,2.07,SB,1651364988
518,betioky,-23.7167,44.3833,17.41,92,3,0.61,MG,1651364989
519,vestmannaeyjar,63.4427,-20.2734,7.69,81,31,7.05,IS,1651364990
520,chara,56.9064,118.2631,3.12,73,85,2.31,RU,1651364990
521,westport,41.1415,-73.3579,15.87,35,0,3.09,US,1651364991
522,vao,-22.6667,167.4833,23.98,81,68,10.35,NC,1651364992
523,itarantim,-15.6597,-40.0656,19.51,94,14,1.07,BR,1651364992
524,kamenka,51.3223,42.7678,3.48,67,15,3.78,RU,1651364993
525,valley city,46.9233,-98.0032,2.29,100,75,10.29,US,1651364993
526,puqi,29.7167,113.8833,13.35,82,98,0.96,CN,1651364994
527,honningsvag,70.9821,25.9704,-2.14,80,75,4.63,NO,1651364995
528,les cayes,18.2,-73.75,24.48,82,66,1.55,HT,1651364995
529,buin,-33.7333,-70.75,19.47,47,0,1.6,CL,1651364835
530,adelaide,-34.9333,138.6,18.01,68,75,4.12,AU,1651364996
531,mucuri,-18.0864,-39.5508,24.73,79,9,3.68,BR,1651364997
532,henties bay,-22.116,14.2845,14.22,87,0,2.45,NA,1651364998
533,kudahuvadhoo,2.6708,72.8944,29.98,68,91,7.43,MV,1651364998
534,batavia,41.85,-88.3126,21.01,81,100,9.77,US,1651364999
535,umm kaddadah,13.6017,26.6876,28.03,11,79,3.31,SD,1651365000
536,pozo colorado,-23.4923,-58.7972,23.48,69,0,1.08,PY,1651365001
537,pathein,16.7833,94.7333,29.3,69,13,2.8,MM,1651365001
538,marsaxlokk,35.8419,14.5431,16.71,67,0,4.12,MT,1651365002
539,martapura,-3.4167,114.85,28.65,73,100,1.68,ID,1651365003
540,kashi,39.4547,75.9797,17.56,27,75,3.0,CN,1651365003
541,tromso,69.6496,18.957,-0.99,86,75,4.63,NO,1651365004
542,makakilo city,21.3469,-158.0858,28.18,55,40,9.77,US,1651365005
543,shima,24.4478,117.8111,18.01,90,100,2.43,CN,1651365006
544,dakar,14.6937,-17.4441,21.49,94,0,4.12,SN,1651365007
545,yaval,21.1667,75.7,28.78,49,6,4.97,IN,1651365007
546,hovd,48.0056,91.6419,12.22,23,98,2.37,MN,1651365008
547,usoke,-5.1667,32.35,16.85,94,72,1.48,TZ,1651365008
548,benguela,-12.5763,13.4055,25.38,83,100,1.51,AO,1651365009
549,kruisfontein,-34.0033,24.7314,9.94,77,100,3.08,ZA,1651365083
550,castro,-24.7911,-50.0119,14.56,98,51,2.05,BR,1651365083
551,narsaq,60.9167,-46.05,7.12,72,19,0.29,GL,1651365084
552,college,64.8569,-147.8028,12.77,31,40,8.23,US,1651365017
553,barrow,71.2906,-156.7887,-2.99,74,0,1.54,US,1651365085
554,punta arenas,-53.15,-70.9167,6.06,87,40,3.6,CL,1651365086
555,kapaa,22.0752,-159.319,27.99,77,40,7.2,US,1651364748
556,souillac,-20.5167,57.5167,23.8,87,24,3.85,MU,1651365087
557,songea,-10.6833,35.65,16.64,94,20,1.54,TZ,1651365088
558,longyearbyen,78.2186,15.6401,-12.09,61,0,2.06,SJ,1651365089
559,rikitea,-23.1203,-134.9692,24.83,73,100,5.34,PF,1651365089
560,ribeira grande,38.5167,-28.7,16.59,86,8,1.46,PT,1651365090
561,lebu,-37.6167,-73.65,9.72,81,22,5.76,CL,1651365091
562,diu,20.7141,70.9822,26.81,88,6,2.7,IN,1651365091
563,biak,-0.9131,122.8766,26.4,80,88,1.44,ID,1651364817
564,morondava,-20.2833,44.2833,21.42,77,2,4.5,MG,1651365092
565,upernavik,72.7868,-56.1549,-15.86,75,7,2.77,GL,1651365093
566,mataura,-46.1927,168.8643,13.04,86,100,1.03,NZ,1651365093
567,kodiak,57.79,-152.4072,4.73,87,100,11.83,US,1651365094
568,victoria,22.2855,114.1577,22.4,89,100,7.6,HK,1651364998
569,ushuaia,-54.8,-68.3,4.81,65,20,2.57,AR,1651364821
570,sao felix do xingu,-6.6447,-51.995,21.84,97,22,0.82,BR,1651365095
571,tiarei,-17.5333,-149.3333,30.01,74,18,5.45,PF,1651365096
572,saskylakh,71.9167,114.0833,-12.29,88,95,7.15,RU,1651365096
573,lavrentiya,65.5833,-171.0,-1.72,80,98,5.29,RU,1651365097
574,luba,3.4568,8.5547,24.94,83,99,0.28,GQ,1651365097
575,mar del plata,-38.0023,-57.5575,10.49,73,0,2.24,AR,1651364964
576,tuatapere,-46.1333,167.6833,12.9,98,100,2.33,NZ,1651365098
577,shizuishan,39.2333,106.7694,14.71,13,0,8.16,CN,1651365099
578,butaritari,3.0707,172.7902,27.26,80,70,5.67,KI,1651365100
579,esil,51.9556,66.4042,9.94,60,100,5.97,KZ,1651365100
580,bredasdorp,-34.5322,20.0403,12.39,91,6,2.4,ZA,1651365101
581,bambous virieux,-20.3428,57.7575,23.45,83,15,4.02,MU,1651365102
582,beringovskiy,63.05,179.3167,-3.04,90,100,8.4,RU,1651365102
583,oktyabrskiy,54.4815,53.471,4.47,66,97,1.42,RU,1651365103
584,barcelos,41.5388,-8.6151,13.25,93,10,0.53,PT,1651365104
585,sangin,32.0728,64.8359,25.47,17,15,0.43,AF,1651365104
586,puerto ayora,-0.7393,-90.3518,22.04,92,54,2.73,EC,1651365105
587,tiksi,71.6872,128.8694,0.93,95,100,4.29,RU,1651365105
588,east london,-33.0153,27.9116,15.86,70,6,4.92,ZA,1651365106
589,port elizabeth,-33.918,25.5701,15.73,72,0,4.12,ZA,1651365044
590,bengkulu,-3.8004,102.2655,24.1,93,100,2.51,ID,1651365107
591,hailey,43.5196,-114.3153,4.44,79,100,4.47,US,1651365108
592,hilo,19.7297,-155.09,25.16,84,75,3.6,US,1651365108
593,albany,42.6001,-73.9662,13.23,68,4,1.63,US,1651365109
594,goderich,43.7501,-81.7165,14.18,26,98,5.14,CA,1651365059
595,mata,40.683,-7.4592,13.11,82,0,1.65,PT,1651365110
596,avarua,-21.2078,-159.775,29.03,74,40,4.63,CK,1651365110
597,hermanus,-34.4187,19.2345,14.23,84,9,2.75,ZA,1651365111
598,vostok,46.4856,135.8833,4.83,42,100,4.16,RU,1651365112
599,livingston,55.9029,-3.5226,10.2,89,75,5.66,GB,1651365112
600,saint-philippe,-21.3585,55.7679,23.77,78,47,3.34,RE,1651365113
601,nikolskoye,59.7035,30.7861,3.17,82,99,2.55,RU,1651365113
602,busselton,-33.65,115.3333,16.36,70,0,1.89,AU,1651365114
603,pilar,-9.5972,-35.9567,22.96,85,97,0.45,BR,1651365115
604,arraial do cabo,-22.9661,-42.0278,23.26,85,92,5.11,BR,1651365115
605,venancio aires,-29.6064,-52.1919,17.37,98,100,0.48,BR,1651365077
606,bratsk,56.1325,101.6142,14.27,75,99,2.53,RU,1651365116
607,norman wells,65.282,-126.8329,9.02,43,20,7.2,CA,1651365117
608,saint george,37.1041,-113.5841,29.97,10,0,3.13,US,1651365117
609,jamestown,42.097,-79.2353,13.8,28,0,3.6,US,1651365118
610,broken hill,-31.95,141.4333,16.84,51,0,4.12,AU,1651365118
611,bonavista,48.6499,-53.1147,2.2,97,100,2.81,CA,1651365119
612,bluff,-46.6,168.3333,13.22,94,100,2.67,NZ,1651365120
613,vaini,-21.2,-175.2,28.09,89,75,4.12,TO,1651365120
614,saint-pierre,-21.3393,55.4781,23.82,77,0,2.57,RE,1651365121
615,buala,-8.145,159.5921,29.68,67,100,0.82,SB,1651365122
616,richards bay,-28.783,32.0377,17.61,84,0,3.77,ZA,1651365122
617,chuy,-33.6971,-53.4616,13.49,73,100,2.66,UY,1651365123
618,tarko-sale,64.9225,77.785,-3.1,85,82,7.18,RU,1651365124
619,wajir,1.7471,40.0573,25.02,83,100,5.71,KE,1651365125
620,tilichiki,60.4667,166.1,-1.23,86,38,3.75,RU,1651365125
621,sao benedito do rio preto,-3.3336,-43.5283,22.8,97,77,0.94,BR,1651365126
622,zapolyarnyy,69.4154,30.8136,-5.4,97,32,3.28,RU,1651365127
623,provideniya,64.3833,-173.3,0.63,85,98,6.22,RU,1651365127
624,bari,41.1177,16.8512,13.82,61,0,3.09,IT,1651365128
625,nemuro,43.3236,145.575,5.32,58,100,5.06,JP,1651365128
626,sitka,57.0531,-135.33,12.94,41,75,1.54,US,1651365129
627,lakatoro,-16.0999,167.4164,26.71,79,100,2.79,VU,1651365130
628,romny,50.751,33.4747,4.45,86,22,2.82,UA,1651365130
629,bathsheba,13.2167,-59.5167,26.34,83,40,6.69,BB,1651365131
630,thompson,55.7435,-97.8558,3.09,65,100,6.69,CA,1651365131
631,tuktoyaktuk,69.4541,-133.0374,2.0,80,40,4.63,CA,1651365132
632,sobolevo,54.4299,31.8996,2.79,71,100,2.54,RU,1651365133
633,yellowknife,62.456,-114.3525,1.29,55,0,5.66,CA,1651365068
634,ancud,-41.8697,-73.8203,10.3,89,100,2.73,CL,1651365133
635,hithadhoo,-0.6,73.0833,29.34,69,100,5.5,MV,1651365134
636,vyartsilya,62.1764,30.693,-2.49,99,88,0.93,RU,1651365134
637,cabo san lucas,22.8909,-109.9124,28.61,38,40,7.2,MX,1651365135
638,hobart,-42.8794,147.3294,16.68,60,75,4.12,AU,1651365136
639,matamoros,25.5333,-103.25,35.06,8,40,3.6,MX,1651365136
640,gubin,51.9496,14.7284,7.94,70,70,1.11,PL,1651365137
641,naruja,41.9069,41.9542,10.18,96,100,0.67,GE,1651365138
642,wanning,18.8003,110.3967,24.66,95,100,2.97,CN,1651365138
643,shishou,29.7226,112.419,15.22,63,100,3.23,CN,1651365139
644,killybegs,54.6333,-8.45,9.96,91,100,6.82,IE,1651365140
645,kostomuksha,64.571,30.5767,-6.33,95,85,1.21,RU,1651365140
646,kuantan,3.8077,103.326,26.06,94,20,0.0,MY,1651365141
647,georgetown,5.4112,100.3354,28.96,89,20,1.54,MY,1651364896
648,hasaki,35.7333,140.8333,17.38,66,100,8.13,JP,1651365142
649,muros,42.7762,-9.0603,13.98,86,17,1.91,ES,1651364894
650,cayenne,4.9333,-52.3333,27.83,11,0,1.79,GF,1651365143
651,rio gallegos,-51.6226,-69.2181,2.03,87,0,2.06,AR,1651365144
652,torbay,47.6666,-52.7314,6.05,96,100,4.12,CA,1651365144
653,saldanha,-33.0117,17.9442,12.03,89,6,4.42,ZA,1651365145
654,san jose,37.3394,-121.895,21.38,59,75,7.72,US,1651365091
655,qasigiannguit,68.8193,-51.1922,-5.86,85,3,2.81,GL,1651365146
656,tokmak,47.2514,35.7058,7.64,67,7,4.06,UA,1651365146
657,san ignacio,17.1561,-89.0714,33.08,55,0,3.09,BZ,1651365147
658,tevaitoa,-16.7833,-151.5,27.37,72,21,5.77,PF,1651365148
659,qaanaaq,77.484,-69.3632,-13.72,80,20,3.08,GL,1651365148
660,galveston,29.3669,-94.9669,27.06,84,20,6.17,US,1651365149
661,chokurdakh,70.6333,147.9167,-5.67,88,64,4.37,RU,1651365149
662,kisanga,-7.4362,37.7034,21.46,84,91,1.53,TZ,1651365150
663,koslan,63.4564,48.8989,-4.12,93,89,1.84,RU,1651365151
664,klaksvik,62.2266,-6.589,7.51,83,45,2.44,FO,1651364886
665,adrar,20.5022,-10.0711,24.85,13,0,3.98,MR,1651365152
666,turukhansk,65.8167,87.9833,-7.27,90,91,5.28,RU,1651365152
667,new norfolk,-42.7826,147.0587,16.48,41,100,2.27,AU,1651365153
668,miyako,39.6367,141.9525,9.75,78,100,3.71,JP,1651365153
669,monte escobedo,22.3,-103.5833,21.34,6,5,4.62,MX,1651365154
670,khatanga,71.9667,102.5,-10.71,95,97,4.82,RU,1651365155
671,nioro,13.35,-15.75,27.06,39,96,1.75,GM,1651365155
672,xichang,27.8964,102.2634,7.19,91,100,2.52,CN,1651365156
673,burns lake,54.2331,-125.7533,11.68,58,100,1.38,CA,1651365156
674,kahului,20.8947,-156.47,28.01,65,40,8.23,US,1651365157
675,megion,61.0296,76.1136,-2.99,62,13,2.12,RU,1651365157
676,marsh harbour,26.5412,-77.0636,22.68,82,100,9.03,BS,1651365158
677,talnakh,69.4865,88.3972,-6.55,93,100,5.66,RU,1651365159
678,pevek,69.7008,170.3133,-11.08,87,91,2.74,RU,1651365159
679,ekibastuz,51.6667,75.3667,15.39,52,99,2.72,KZ,1651365160
680,touros,-5.1989,-35.4608,26.38,79,85,6.11,BR,1651365160
681,seoul,37.5683,126.9778,14.76,49,0,1.03,KR,1651365129
682,tokur,53.1333,132.9,1.32,61,100,2.12,RU,1651365161
683,marawi,7.9986,124.2928,25.23,75,37,1.42,PH,1651365162
684,mahebourg,-20.4081,57.7,23.47,83,19,4.3,MU,1651365163
685,zhigansk,66.7697,123.3711,0.1,98,100,10.8,RU,1651365163
686,rawson,-43.3002,-65.1023,9.19,61,7,7.98,AR,1651365164
687,nome,64.5011,-165.4064,10.04,38,0,1.54,US,1651364996
688,sheridan,44.8333,-106.9173,13.21,38,0,3.6,US,1651364904
689,yumen,40.2833,97.2,11.62,22,0,1.8,CN,1651365165
690,cockburn town,21.4612,-71.1419,24.98,65,40,6.69,TC,1651364931
691,samarinda,-0.5,117.15,24.76,96,100,1.8,ID,1651365166
692,thinadhoo,0.5333,72.9333,30.05,66,100,6.53,MV,1651365167
693,shingu,33.7333,135.9833,15.32,94,100,2.01,JP,1651365167
694,saraland,30.8207,-88.0706,26.4,81,0,3.04,US,1651365168
695,atar,20.5169,-13.0499,26.21,15,76,2.48,MR,1651365168
696,babu,24.4167,111.5167,14.15,94,100,3.73,CN,1651364989
697,freeport,40.6576,-73.5832,15.29,54,0,6.69,US,1651365148
698,nanortalik,60.1432,-45.2371,1.86,92,100,3.72,GL,1651365169
699,rafai,4.95,23.9167,20.36,98,100,1.3,CF,1651365170
700,iisalmi,63.5592,27.1907,-4.13,98,98,0.77,FI,1651365171
701,lekoni,-1.5843,14.2591,24.07,75,88,0.8,GA,1651365171
702,katsuura,35.1333,140.3,16.31,73,100,8.04,JP,1651365172
703,kavieng,-2.5744,150.7967,28.74,69,77,1.55,PG,1651365173
704,chapais,49.7834,-74.8492,5.88,95,13,1.68,CA,1651365173
705,inirida,3.8653,-67.9239,21.86,99,76,1.1,CO,1651365174
706,tasiilaq,65.6145,-37.6368,-0.91,59,14,2.15,GL,1651365174
707,carnarvon,-24.8667,113.6333,20.04,52,0,4.12,AU,1651365175
708,petropavlovsk-kamchatskiy,53.0452,158.6483,6.33,49,75,5.0,RU,1651365175
709,dikson,73.5069,80.5464,-7.99,94,100,6.98,RU,1651365176
710,ponta do sol,32.6667,-17.1,18.35,65,0,1.57,PT,1651365177
711,san cristobal,7.7669,-72.225,19.16,98,100,2.29,VE,1651365177
712,auburn,47.3073,-122.2284,17.81,61,75,3.09,US,1651365178
713,berezhany,49.45,24.9333,7.57,70,93,1.64,UA,1651365179
714,bhimunipatnam,17.8833,83.4333,27.83,83,6,6.29,IN,1651365179
715,la ronge,55.1001,-105.2842,8.14,53,75,3.09,CA,1651365180
716,muriti,-1.9833,32.9167,21.68,75,100,2.35,TZ,1651365180
717,fukue,32.6881,128.8419,15.2,77,75,5.14,JP,1651365181
718,atuona,-9.8,-139.0333,26.21,76,2,4.61,PF,1651365182
719,port alfred,-33.5906,26.891,14.91,83,24,5.86,ZA,1651365182
720,olafsvik,64.8945,-23.7142,6.7,84,100,6.84,IS,1651365183
721,ust-ilimsk,58.0006,102.6619,9.64,97,100,2.29,RU,1651365184
722,misratah,32.3754,15.0925,18.71,72,94,9.28,LY,1651364608
723,iqaluit,63.7506,-68.5145,-5.15,79,20,0.0,CA,1651365185
724,taoudenni,22.6783,-3.9836,25.4,22,0,7.02,ML,1651365185
725,nadym,65.5333,72.5167,-3.93,96,100,4.05,RU,1651365186
726,san patricio,28.017,-97.5169,28.05,74,2,5.3,US,1651365187
727,hobyo,5.3505,48.5268,28.87,73,70,4.62,SO,1651365187
728,xining,36.6167,101.7667,1.24,73,88,0.47,CN,1651365188
729,saint-augustin,51.226,-58.6502,3.67,91,100,7.05,CA,1651365189
730,soyo,-6.1349,12.3689,25.46,88,100,2.35,AO,1651365189
731,luanda,-8.8368,13.2343,26.0,73,40,4.12,AO,1651364762
732,svetlogorsk,52.6333,29.7333,3.32,66,24,1.71,BY,1651365190
733,karratha,-20.7377,116.8463,26.39,49,100,7.28,AU,1651365191
734,laguna,38.421,-121.4238,27.01,49,0,8.23,US,1651365177
735,dunedin,-45.8742,170.5036,18.22,53,86,1.79,NZ,1651365000
736,aksu,41.1231,80.2644,15.83,20,100,2.92,CN,1651365192
737,inta,66.0317,60.1659,-4.5,95,99,5.36,RU,1651365193
738,dingle,10.9995,122.6711,28.99,71,100,4.17,PH,1651365194
739,bubaque,11.2833,-15.8333,25.05,71,59,3.52,GW,1651365194
740,miedzychod,52.5988,15.897,6.88,67,24,0.2,PL,1651365195
741,arrecife,28.963,-13.5477,18.99,77,20,4.12,ES,1651365195
742,tsabong,-26.0217,22.401,14.19,31,0,3.62,BW,1651365196
743,manokwari,-0.8667,134.0833,26.13,86,100,4.1,ID,1651365197
744,bakaly,55.1789,53.8028,2.94,73,82,1.6,RU,1651365197
745,gamba,-2.65,10.0,24.41,93,49,1.68,GA,1651365198
746,pailon,-17.65,-62.75,23.5,74,0,2.02,BO,1651365199
747,benghazi,32.1167,20.0667,20.78,46,100,5.27,LY,1651365199
748,ikom,5.9667,8.7063,24.1,94,100,0.48,NG,1651365200
749,shilong,23.1123,113.8425,18.45,90,100,4.2,CN,1651365200
750,can tho,10.0333,105.7833,24.99,100,20,0.51,VN,1651365201
751,nishihara,26.1842,127.7558,21.6,73,75,5.14,JP,1651365202
752,bandundu,-3.3167,17.3667,22.45,90,82,0.37,CD,1651365202
753,borogontsy,62.6683,131.1683,5.11,59,11,3.59,RU,1651365203
754,novaya zaimka,56.4857,66.9241,3.48,54,100,3.84,RU,1651365204
755,aklavik,68.2191,-135.0107,2.99,88,92,5.73,CA,1651365204
756,lagoa,39.05,-27.9833,15.92,88,0,3.15,PT,1651365205
757,torbat-e jam,35.244,60.6225,20.35,39,24,6.99,IR,1651365205
758,tura,25.5198,90.2201,21.49,88,2,0.96,IN,1651365042
759,severo-kurilsk,50.6789,156.125,2.24,92,87,3.58,RU,1651365206
760,roma,43.2128,-75.4557,12.08,39,0,4.12,US,1651365134
761,esperance,-33.8667,121.9,15.91,58,0,3.14,AU,1651365208
762,korla,41.7597,86.1469,14.38,24,6,2.58,CN,1651365208
763,horqueta,-23.3428,-57.0597,22.26,86,71,1.34,PY,1651365209
764,quatre cocos,-20.2078,57.7625,23.38,84,32,4.46,MU,1651365210
765,pabrade,55.0,25.7833,0.7,63,86,0.54,LT,1651365210
766,altamont,42.2068,-121.7372,12.91,61,40,8.75,US,1651365211
767,roebourne,-20.7833,117.1333,26.49,48,95,7.03,AU,1651365211
768,kijang,35.2442,129.2139,15.85,31,98,4.01,KR,1651365212
769,vila franca do campo,37.7167,-25.4333,16.78,88,16,0.8,PT,1651365213
770,ellisras,-23.6649,27.7443,17.1,52,34,1.27,ZA,1651365213
771,sisimiut,66.9395,-53.6735,-7.93,70,17,3.18,GL,1651365072
772,sierra vista,31.5545,-110.3037,29.31,6,0,5.66,US,1651365214
773,dudinka,69.4058,86.1778,-6.32,93,100,6.6,RU,1651365215
774,chumikan,54.7183,135.315,1.12,91,99,1.13,RU,1651365216
775,cape town,-33.9258,18.4232,16.06,84,0,3.13,ZA,1651364952
776,berlevag,70.8578,29.0864,-5.11,69,100,9.15,NO,1651365216
777,sao filipe,14.8961,-24.4956,22.5,76,43,4.17,CV,1651365217
778,husavik,66.0449,-17.3389,6.91,76,6,3.39,IS,1651365218
779,tanout,14.9709,8.8879,29.44,16,81,1.93,NE,1651365218
780,ribas do rio pardo,-20.4431,-53.7592,24.49,49,34,2.18,BR,1651365219
781,socorro,31.6546,-106.3033,30.5,7,40,3.6,US,1651365219
782,khasan,42.4308,130.6434,9.28,43,65,7.66,RU,1651365220
783,staraya kulatka,52.7167,47.6167,2.71,83,6,4.21,RU,1651365221
784,san angelo,31.4638,-100.437,28.63,21,0,3.13,US,1651365221
785,hualmay,-11.0964,-77.6139,18.86,87,58,4.1,PE,1651365222
786,hambantota,6.1241,81.1185,25.19,100,40,1.03,LK,1651365222
787,tala,30.6803,30.9429,15.29,85,23,2.77,EG,1651365223
788,mount isa,-20.7333,139.5,26.87,50,100,6.69,AU,1651365223
789,naze,28.3667,129.4833,18.51,70,100,6.06,JP,1651365224
790,dali,25.7,100.1833,17.19,62,100,0.84,CN,1651365225
791,ondangwa,-17.9167,15.95,15.0,67,53,0.0,NA,1651365226
792,margate,51.3813,1.3862,8.16,81,100,0.45,GB,1651365226
793,wuda,39.4994,106.7117,13.61,14,0,7.58,CN,1651365227
794,belaya kholunitsa,58.84,50.8528,-1.31,91,94,3.15,RU,1651365228
795,yar-sale,66.8333,70.8333,-9.37,86,82,4.35,RU,1651365228
796,bambanglipuro,-7.95,110.2833,27.13,76,100,1.6,ID,1651365229
797,hamilton,39.1834,-84.5333,21.29,75,0,2.06,US,1651365131
798,aykhal,66.0,111.5,-10.0,85,72,9.3,RU,1651365230
799,north myrtle beach,33.816,-78.68,21.32,80,20,7.72,US,1651365230
800,yatou,37.15,122.3833,15.94,28,0,7.43,CN,1651365231
801,saint anthony,45.0205,-93.218,10.61,92,100,5.66,US,1651365231
802,praya,14.9215,-23.5087,21.3,78,20,5.14,CV,1651365232
803,mogadishu,2.0371,45.3438,27.59,79,100,4.89,SO,1651365233
804,grand gaube,-20.0064,57.6608,23.54,86,14,0.89,MU,1651365234
805,general jose eduvigis diaz,-27.1667,-58.4167,16.02,91,36,2.68,PY,1651365234
806,klyuchi,52.2667,79.1667,15.57,38,96,0.47,RU,1651365235
807,ayan,56.45,138.1667,0.61,90,100,3.46,RU,1651365236
808,bethel,41.3712,-73.414,16.05,25,0,1.54,US,1651365236
809,morden,49.1919,-98.1014,3.24,93,100,7.72,CA,1651365128
810,taltal,-25.4,-70.4833,16.5,80,24,1.52,CL,1651364835
811,sorland,67.667,12.6934,3.41,86,100,8.99,NO,1651365237
812,gotsu,35.0,132.2167,14.77,73,100,3.73,JP,1651365238
813,jimma,7.6667,36.8333,14.4,94,54,0.91,ET,1651365239
814,aanekoski,62.6946,25.818,0.04,98,96,0.38,FI,1651365239
815,khandyga,62.6667,135.6,3.42,72,33,1.54,RU,1651365240
816,youghal,51.95,-7.8506,10.05,100,100,2.25,IE,1651365240
817,beloha,-25.1667,45.05,18.62,90,0,3.2,MG,1651365233
818,sur,22.5667,59.5289,30.04,60,100,1.91,OM,1651365241
819,asau,46.4333,26.4,7.2,93,72,1.33,RO,1651365242
820,sao geraldo do araguaia,-6.4006,-48.555,23.03,91,95,0.53,BR,1651365242
821,kaseda,31.4167,130.3167,17.23,69,100,7.52,JP,1651365243
822,padang,-0.9492,100.3543,25.78,87,100,1.65,ID,1651365244
823,thongwa,16.7619,96.5278,28.09,64,37,0.77,MM,1651365244
824,paamiut,61.994,-49.6678,0.85,96,94,5.71,GL,1651364971
825,komsomolskiy,40.4272,71.7189,18.4,63,8,2.06,UZ,1651365245
826,faanui,-16.4833,-151.75,27.28,72,17,5.39,PF,1651365246
827,businga,3.3333,20.8833,21.5,98,100,0.75,CD,1651365246
828,aksarka,66.5606,67.7975,-8.68,87,23,4.78,RU,1651365247
829,krasnoselkup,65.7,82.4667,-3.01,94,100,7.78,RU,1651365248
830,coahuayana,18.7333,-103.6833,24.9,61,79,1.7,MX,1651365248
831,coquimbo,-29.9533,-71.3436,12.85,94,0,1.54,CL,1651365196
832,kenai,60.5544,-151.2583,9.05,55,75,10.29,US,1651365249
833,ixtapa,20.7,-105.2,26.24,73,20,5.66,MX,1651364733
834,fortuna,40.5982,-124.1573,14.92,71,100,4.63,US,1651365250
835,port augusta,-32.5,137.7667,18.51,48,0,1.98,AU,1651365250
836,bhatkal,13.9667,74.5667,27.78,77,22,1.6,IN,1651365251
837,chicama,-7.8447,-79.1469,17.3,81,79,3.53,PE,1651365252
838,hervey bay,-25.2986,152.8535,23.34,87,49,2.68,AU,1651365202
839,hurricane,37.1753,-113.2899,30.19,11,7,2.12,US,1651365252
840,green river,41.5286,-109.4662,14.22,26,100,0.89,US,1651365246
841,sabang,5.8933,95.3214,28.87,75,100,3.67,ID,1651365253
842,muleba,-1.8397,31.6544,18.25,88,100,2.28,TZ,1651365254
843,bijie,27.3125,105.2942,7.02,91,100,4.31,CN,1651365254
844,labuhan,-6.8844,112.2051,28.17,82,100,4.43,ID,1651365255
845,noumea,-22.2763,166.4572,26.99,99,73,4.97,NC,1651364726
846,bandarbeyla,9.4942,50.8122,28.04,79,81,1.09,SO,1651365256
847,hondo,32.45,130.2,15.7,68,100,3.61,JP,1651365256
848,ambon,-3.6954,128.1814,28.74,72,89,1.59,ID,1651365064
849,lebedinyy,58.5167,125.5167,1.04,50,9,5.17,RU,1651365257
850,cidreira,-30.1811,-50.2056,18.28,85,100,3.15,BR,1651365258
851,martigny,46.0833,7.0833,7.19,90,3,1.69,CH,1651365259
852,kaitangata,-46.2817,169.8464,15.5,70,100,1.54,NZ,1651365259
853,zalantun,48.0,122.7167,8.06,31,42,7.53,CN,1651365260
854,vuktyl,63.8567,57.3094,-3.07,93,100,1.25,RU,1651365202
855,de aar,-30.6497,24.0123,10.68,53,0,2.69,ZA,1651365261
856,mananjary,-21.2167,48.3333,20.95,86,41,2.6,MG,1651365262
857,gidam,18.9833,81.4,27.46,45,24,0.64,IN,1651365263
858,hope,33.6671,-93.5916,27.03,81,2,2.09,US,1651365264
859,nebolchi,59.1239,33.3454,-1.7,79,90,2.24,RU,1651365265
860,nyurba,63.2842,118.3319,2.73,71,33,3.67,RU,1651365265
861,shamary,57.3434,58.2199,1.05,70,100,1.25,RU,1651365266
862,cape coast,5.1053,-1.2466,26.99,83,33,2.65,GH,1651365267
863,mehran,33.1222,46.1646,24.53,31,13,2.56,IR,1651365267
864,povenets,62.8487,34.8262,-1.44,95,66,2.75,RU,1651365268
865,kalmunai,7.4167,81.8167,26.98,83,100,1.83,LK,1651365269
866,salym,60.0625,71.4789,0.48,64,7,1.75,RU,1651365270
867,upington,-28.4478,21.2561,8.21,76,0,0.0,ZA,1651365271
868,necochea,-38.5473,-58.7368,8.99,56,41,4.47,AR,1651365228
869,grindavik,63.8424,-22.4338,6.97,87,75,5.14,IS,1651365272
870,lewistown,40.5992,-77.5714,18.41,35,0,0.0,US,1651365264
871,evensk,61.95,159.2333,3.47,55,8,3.17,RU,1651365273
872,leningradskiy,69.3833,178.4167,-8.97,82,53,2.07,RU,1651365273
873,assare,-6.8744,-39.875,21.41,63,36,2.3,BR,1651365274
874,bayan,46.0833,127.4,4.12,91,100,1.54,CN,1651365274
875,gladstone,-23.85,151.25,26.55,61,75,5.66,AU,1651365275
876,igrim,63.1906,64.4162,-0.41,84,100,3.65,RU,1651365276
877,ulaanbaatar,47.9077,106.8832,5.07,42,0,0.0,MN,1651365018
878,nouakchott,18.0858,-15.9785,21.96,74,38,6.67,MR,1651365277
879,lichinga,-13.3128,35.2406,15.05,94,20,4.12,MZ,1651365278
880,maraa,-1.8333,-65.3667,22.09,95,35,0.34,BR,1651365279
881,sangar,63.9242,127.4739,1.01,82,100,6.95,RU,1651365200
882,ashland,40.8167,-82.2665,19.3,66,100,5.38,US,1651365279
883,kungurtug,50.5994,97.5228,10.41,39,31,0.67,RU,1651365280
884,cherskiy,68.75,161.3,-4.23,77,100,4.27,RU,1651365197
885,verkh-tula,54.8839,82.7762,6.88,70,0,5.0,RU,1651365281
886,guines,50.8671,1.8703,5.5,83,100,0.52,FR,1651365282
887,maneadero,31.7167,-116.5667,18.94,75,16,0.89,MX,1651365282
888,luderitz,-26.6481,15.1594,16.42,44,1,4.13,NA,1651365283
889,gat,31.61,34.7642,18.78,100,79,5.39,IL,1651365122
890,emerald,-23.5333,148.1667,24.63,64,55,4.63,AU,1651365284
891,havelock,34.8791,-76.9013,20.99,83,75,1.54,US,1651365284
892,maceio,-9.6658,-35.7353,23.69,88,20,0.51,BR,1651365202
893,kieta,-6.2167,155.6333,29.72,67,49,1.85,PG,1651365285
894,broome,42.2506,-75.833,11.21,27,0,3.09,US,1651365286
895,pisco,-13.7,-76.2167,18.34,82,0,8.23,PE,1651365286
896,fairbanks,64.8378,-147.7164,12.77,31,0,8.23,US,1651365287
897,lasa,46.6166,10.7002,8.49,97,100,1.13,IT,1651365288
898,isangel,-19.55,169.2667,29.06,84,75,1.03,VU,1651365288
899,gilbues,-9.8317,-45.3439,25.31,52,100,1.49,BR,1651365289
900,robe,-37.1833,139.75,16.22,85,91,7.27,AU,1651365289
901,preobrazheniye,42.9019,133.9064,4.44,90,100,1.31,RU,1651365290
902,sabha,27.0377,14.4283,26.06,16,100,8.38,LY,1651365291
903,panaba,21.2833,-88.2667,25.07,76,19,3.93,MX,1651365291
904,angoche,-16.2325,39.9086,21.91,90,22,3.43,MZ,1651365292
905,mayor pablo lagerenza,-19.9309,-60.7718,22.84,64,0,2.12,PY,1651365292
906,cairns,-16.9167,145.7667,26.73,78,75,5.66,AU,1651365293
907,severo-yeniseyskiy,60.3725,93.0408,-3.02,84,100,3.8,RU,1651365294
908,ormara,25.2088,64.6357,28.82,81,97,8.22,PK,1651365294
909,avera,33.194,-82.5271,23.03,55,18,3.11,US,1651365295
910,ostersund,63.1792,14.6357,1.25,80,100,4.12,SE,1651365296
911,galesong,-5.3166,119.3661,28.34,75,97,1.65,ID,1651365296
912,magadan,59.5667,150.8,2.94,66,7,0.69,RU,1651365297
913,codrington,-38.2667,141.9667,18.01,66,95,6.58,AU,1651365297
914,axim,4.8699,-2.2405,26.47,85,43,2.49,GH,1651365298
915,vanimo,-2.6741,141.3028,30.15,63,100,0.71,PG,1651365298
916,dalmatovo,56.26,62.9362,3.11,59,99,3.25,RU,1651365299
917,baijiantan,45.6333,85.1833,18.07,17,20,4.69,CN,1651365300
918,znamenskoye,57.1281,73.8282,1.68,63,100,3.64,RU,1651365300
919,samarai,-10.6167,150.6667,27.72,74,77,3.57,PG,1651365301
920,kuybyshevskiy zaton,55.1593,49.1701,1.03,82,39,5.68,RU,1651365301
921,normandin,48.8333,-72.5321,10.17,46,100,3.09,CA,1651365302
922,sao miguel do araguaia,-13.275,-50.1628,22.4,51,6,2.01,BR,1651365303
923,pangnirtung,66.1451,-65.7125,-5.6,95,99,1.78,CA,1651365304
924,vila velha,-20.3297,-40.2925,24.97,91,75,1.54,BR,1651365304
925,rennes,48.1667,-1.6667,10.02,76,0,1.54,FR,1651365305
926,bilibino,68.0546,166.4372,-7.43,69,16,0.69,RU,1651365305
927,general pico,-35.6566,-63.7568,9.68,55,0,3.58,AR,1651365306
928,orichi,58.4036,49.0572,-2.23,93,78,2.79,RU,1651365307
929,belo oriente,-19.22,-42.4836,17.86,72,6,1.19,BR,1651365307
930,gorontalo,0.5412,123.0595,29.85,70,21,0.85,ID,1651365308
931,vallenar,-28.5708,-70.7581,17.7,58,0,0.97,CL,1651365309
932,north bend,43.4065,-124.2243,12.73,92,75,6.69,US,1651365309
933,qaqortoq,60.7167,-46.0333,1.91,86,26,2.56,GL,1651365310
934,asfi,32.2994,-9.2372,16.85,76,2,3.79,MA,1651365310
935,nuuk,64.1835,-51.7216,-2.66,68,20,6.17,GL,1651365311
936,aba,5.1066,7.3667,24.52,87,82,1.7,NG,1651365312
937,karera,25.4667,78.15,31.65,28,0,4.79,IN,1651365312
938,mehamn,71.0357,27.8492,-1.58,65,100,8.13,NO,1651365313
939,aquiraz,-3.9014,-38.3911,27.05,85,90,3.14,BR,1651365314
940,deputatskiy,69.3,139.9,-5.05,76,89,1.77,RU,1651365314
941,maldonado,-34.6667,-54.9167,11.79,75,100,0.85,UY,1651365315
942,ostrovnoy,68.0531,39.5131,-9.87,92,84,4.38,RU,1651365316
943,potenza,40.6443,15.8086,6.62,83,1,0.45,IT,1651365316
944,rio grande,-32.035,-52.0986,14.41,75,100,1.14,BR,1651365317
945,djambala,-2.5447,14.7533,20.29,86,49,0.66,CG,1651365317
946,santa cruz,-17.8,-63.1667,22.7,73,0,3.09,BO,1651365318
947,wilmington,34.2257,-77.9447,21.95,65,75,5.14,US,1651365318
948,lawrence,38.9717,-95.2353,16.06,50,100,4.63,US,1651364978
949,los llanos de aridane,28.6585,-17.9182,16.86,85,0,7.2,ES,1651365319
950,sioux lookout,50.1001,-91.917,9.04,29,100,4.63,CA,1651365320
951,pandamatenga,-18.5278,25.627,15.71,53,4,1.57,BW,1651365321
952,lata,40.1629,-8.3327,10.73,86,0,0.66,PT,1651365321
953,acapulco,16.8634,-99.8901,28.9,65,0,3.6,MX,1651365231
954,guerrero negro,27.9769,-114.0611,17.16,75,100,7.99,MX,1651365322
955,malabo,3.75,8.7833,24.92,88,20,2.57,GQ,1651365323
956,ust-nera,64.5667,143.2,0.83,91,92,3.0,RU,1651365323
957,borovskoy,53.8,64.15,4.31,82,100,5.24,KZ,1651365324
958,tucuman,-26.8241,-65.2226,15.0,82,100,1.03,AR,1651365325
959,bermeo,43.4209,-2.7215,12.68,82,99,2.08,ES,1651365325
960,katangli,51.7102,143.2326,0.39,99,100,1.18,RU,1651365326
961,hailar,49.2,119.7,5.64,27,77,2.19,CN,1651365326
962,vilhena,-12.7406,-60.1458,21.27,70,64,0.6,BR,1651365327
963,sikonge,-5.6333,32.7667,18.28,86,100,1.82,TZ,1651365328
964,hirara,24.8,125.2833,24.15,88,75,11.83,JP,1651365328
965,amahai,-3.3333,128.9167,29.33,68,100,0.48,ID,1651365329
966,katol,21.2667,78.5833,30.39,24,7,2.3,IN,1651365330
967,ribeirao branco,-24.2208,-48.7656,17.07,99,44,1.35,BR,1651365330
968,te anau,-45.4167,167.7167,13.01,95,100,1.46,NZ,1651365331
969,shimoda,34.6667,138.95,16.2,76,100,4.55,JP,1651365332
970,clyde river,70.4692,-68.5914,-8.87,86,100,1.54,CA,1651365334
971,lorengau,-2.0226,147.2712,29.41,69,100,2.24,PG,1651365335
972,miri,4.4148,114.0089,26.08,89,20,1.03,MY,1651365335
973,almeirim,-1.5233,-52.5817,23.43,97,91,1.22,BR,1651365336
974,sept-iles,50.2001,-66.3821,3.92,75,100,6.17,CA,1651365337
975,okhotsk,59.3833,143.3,3.75,74,21,3.44,RU,1651365338
976,przhevalskoye,55.5093,31.8482,1.06,79,99,1.9,RU,1651365339
977,rincon,32.296,-81.2354,22.7,60,40,5.14,US,1651365315
978,imbituba,-28.24,-48.6703,20.48,93,100,4.97,BR,1651365340
979,santa catalina,9.3337,122.8637,28.99,65,94,3.17,PH,1651365341
980,ocos,14.5094,-92.1933,30.1,66,100,2.48,GT,1651365342
981,aiquile,-18.2041,-65.1807,13.15,82,2,1.7,BO,1651365343
982,ebolowa,2.9,11.15,20.74,97,97,0.55,CM,1651365344
983,cascais,38.6979,-9.4215,17.74,53,92,1.79,PT,1651365216
984,tual,-5.6667,132.75,29.1,70,90,6.34,ID,1651365155
985,oranjemund,-28.55,16.4333,11.94,86,0,3.87,NA,1651365345
986,khargone,21.8167,75.6,29.07,50,0,2.94,IN,1651365346
987,salalah,17.0151,54.0924,30.05,79,40,2.57,OM,1651365347
988,sola,-13.8833,167.55,29.37,79,100,2.06,VU,1651365347
989,caranavi,-15.8167,-67.55,17.49,89,61,0.63,BO,1651365349
990,fare,-16.7,-151.0167,27.24,72,6,5.31,PF,1651365350
991,shilka,51.85,116.0333,9.66,48,100,1.67,RU,1651365351
992,oksfjord,70.2396,22.3479,-2.22,95,100,3.33,NO,1651365352
993,lago da pedra,-4.3333,-45.1667,23.18,93,100,0.93,BR,1651365352
994,bundaberg,-24.85,152.35,26.79,73,75,4.12,AU,1651365354
995,tiznit,29.5833,-9.5,19.52,35,0,1.05,MA,1651365355
996,praia,14.9215,-23.5087,21.3,78,20,5.14,CV,1651365232
997,gao,16.6362,1.637,29.45,13,7,4.75,ML,1651365356
998,limoux,42.9167,2.1667,11.09,87,100,2.15,FR,1651365357
999,mineros,-17.1167,-63.2333,22.13,77,2,2.0,BO,1651365358
1000,meulaboh,4.1363,96.1285,26.6,85,100,1.21,ID,1651365359
1001,pinega,64.7001,43.3936,-5.54,98,20,1.64,RU,1651365360
1002,turbo,8.0937,-76.7269,25.93,87,100,2.02,CO,1651365169
1003,melendugno,40.2747,18.3368,10.05,100,0,2.06,IT,1651365361
1004,tunceli,39.1083,39.5471,12.98,91,100,1.5,TR,1651365362
1005,walvis bay,-22.9575,14.5053,13.38,87,0,2.57,NA,1651365231
1006,leshukonskoye,64.8989,45.7622,-7.35,96,22,1.5,RU,1651365363
1007,dukat,62.55,155.55,-2.41,83,16,0.67,RU,1651365363
1008,pleasant point,-44.2667,171.1333,17.38,82,83,5.39,NZ,1651365364
1009,ayr,55.4627,-4.6339,11.29,93,100,5.14,GB,1651365365
1010,airai,-8.9266,125.4092,22.46,53,42,1.91,TL,1651365366
1011,santa rosa,14.3122,121.1114,31.17,70,53,4.78,PH,1651365367
1012,pasil,17.3833,121.1333,26.21,59,90,1.21,PH,1651365368
1013,saint-leu,-21.15,55.2833,23.48,77,5,1.23,RE,1651365369
1014,ripoll,42.2006,2.1903,11.35,89,100,0.45,ES,1651365370
1015,rathenow,52.6066,12.337,9.45,78,99,1.97,DE,1651365370
1016,mana,5.6592,-53.7767,25.41,87,9,3.98,GF,1651365371
1017,mocuba,-16.8392,36.9856,17.24,98,4,1.21,MZ,1651365372
1018,camacha,33.0833,-16.3333,15.68,82,40,5.66,PT,1651365372
1019,magaria,12.9983,8.9099,32.22,24,100,4.33,NE,1651365373
1020,port blair,11.6667,92.75,28.82,69,95,1.48,IN,1651365197
1021,sunndalsora,62.6754,8.5515,2.64,87,73,2.15,NO,1651365374
1022,denpasar,-8.65,115.2167,28.17,71,100,1.08,ID,1651365374
1023,lunenburg,44.3835,-64.3155,4.47,78,99,7.72,CA,1651365375
1024,port lincoln,-34.7333,135.8667,17.97,69,73,4.55,AU,1651365376
1025,new london,41.4834,-72.0662,11.13,73,0,3.09,US,1651365287
1026,itaituba,-4.2761,-55.9836,23.33,97,98,0.42,BR,1651365377
1027,colares,38.7992,-9.4469,17.64,53,99,1.79,PT,1651365378
1028,moree,-29.4667,149.85,18.01,72,0,3.6,AU,1651365379
1029,camacupa,-12.0167,17.4833,13.24,71,38,1.94,AO,1651365379
1030,omsukchan,62.5333,155.8,-2.45,83,21,0.87,RU,1651365380
1031,cap malheureux,-19.9842,57.6142,23.59,86,15,0.45,MU,1651365381
1032,ginir,7.1333,40.7,14.32,83,82,1.98,ET,1651365382
1033,riosucio,5.4216,-75.7032,15.57,98,100,0.55,CO,1651365382
1034,curup,-3.4667,102.5333,21.57,97,100,1.01,ID,1651365383
1035,dandong,40.1292,124.3947,12.84,38,100,3.2,CN,1651365384
1036,kondopoga,62.2057,34.2614,0.82,97,100,1.67,RU,1651365384
1037,erzin,36.9559,36.2,17.08,91,100,1.83,TR,1651365385
1038,qui nhon,13.7667,109.2333,27.68,78,92,1.09,VN,1651365386
1039,geraldton,-28.7667,114.6,19.23,55,0,3.6,AU,1651365386
1040,gubskaya,44.3164,40.6358,12.44,99,100,0.99,RU,1651365387
1041,yarkovo,57.4028,67.0786,1.84,61,100,2.37,RU,1651365388
1042,jiamusi,46.8333,130.35,3.04,96,100,4.88,CN,1651365388
1043,langsa,4.4683,97.9683,26.51,89,83,0.8,ID,1651365389
1044,sterling,39.0062,-77.4286,16.17,49,75,2.24,US,1651365390
1045,doka,13.5167,35.7667,30.69,16,36,5.31,SD,1651365390
1046,balabac,7.9868,117.0645,28.76,76,100,4.46,PH,1651365391
1047,alberton,46.8168,-64.0654,1.07,90,100,6.91,CA,1651365392
1048,iracoubo,5.4802,-53.2011,25.85,82,20,4.12,GF,1651365392
1049,jinchang,38.4953,102.1739,9.14,29,16,0.82,CN,1651365393
1050,kenora,49.8167,-94.4337,4.54,93,100,5.14,CA,1651365393
1051,daru,-9.0763,143.2092,26.88,87,100,2.61,PG,1651365394
1052,sambava,-14.2667,50.1667,22.93,90,11,3.33,MG,1651365395
1053,phan thiet,10.9333,108.1,27.51,79,94,1.86,VN,1651365396
1054,severnoye,56.3491,78.3619,2.19,60,100,6.14,RU,1651365396
1055,faya,18.3851,42.4509,17.06,52,96,1.72,SA,1651365397
1056,vila,42.0304,-8.1588,6.5,77,0,0.96,PT,1651365398
1057,manggar,-2.8833,108.2667,28.82,73,99,0.5,ID,1651365398
1058,tsiroanomandidy,-18.7667,46.0333,16.85,97,1,1.1,MG,1651365399
1059,rocha,-34.4833,-54.3333,12.44,76,100,1.91,UY,1651365400
1060,lahad datu,5.0268,118.327,27.93,76,41,0.63,MY,1651365400
1061,santa luzia,-19.7697,-43.8514,22.5,60,0,4.63,BR,1651365401
1062,christchurch,-43.5333,172.6333,23.56,53,30,2.57,NZ,1651365108
1063,divnogorsk,55.9594,92.3619,13.27,59,100,2.77,RU,1651365402
1064,atocha,-20.9333,-66.2333,11.37,29,2,2.32,BO,1651365402
1065,kirakira,-10.4544,161.9205,29.34,71,100,2.88,SB,1651365403
1066,betioky,-23.7167,44.3833,17.58,89,47,1.1,MG,1651365404
1067,vestmannaeyjar,63.4427,-20.2734,7.54,81,35,7.04,IS,1651365404
1068,chara,56.9064,118.2631,3.97,68,100,2.24,RU,1651365405
1069,westport,41.1415,-73.3579,15.18,38,3,1.49,US,1651365405
1070,vao,-22.6667,167.4833,23.93,82,49,10.89,NC,1651365406
1071,itarantim,-15.6597,-40.0656,19.2,95,5,0.98,BR,1651365407
1072,kamenka,51.3223,42.7678,2.89,70,8,3.35,RU,1651365407
1073,valley city,46.9233,-98.0032,2.29,100,75,10.29,US,1651365127
1074,puqi,29.7167,113.8833,14.24,74,100,1.33,CN,1651365408
1075,honningsvag,70.9821,25.9704,-1.14,74,75,4.63,NO,1651365409
1076,les cayes,18.2,-73.75,24.29,83,35,1.28,HT,1651365409
1077,buin,-33.7333,-70.75,19.47,50,0,1.76,CL,1651365410
1078,adelaide,-34.9333,138.6,18.39,67,75,4.12,AU,1651365373
1079,mucuri,-18.0864,-39.5508,24.32,82,23,3.59,BR,1651365411
1080,henties bay,-22.116,14.2845,14.06,88,0,2.46,NA,1651365412
1081,kudahuvadhoo,2.6708,72.8944,29.97,67,99,7.72,MV,1651365412
1082,batavia,41.85,-88.3126,19.92,82,40,6.17,US,1651365413
1083,umm kaddadah,13.6017,26.6876,27.17,11,79,2.66,SD,1651365414
1084,pozo colorado,-23.4923,-58.7972,22.25,79,0,1.4,PY,1651365414
1085,pathein,16.7833,94.7333,29.54,65,71,3.17,MM,1651365298
1086,marsaxlokk,35.8419,14.5431,16.34,67,0,4.12,MT,1651365415
1087,martapura,-3.4167,114.85,27.96,79,100,1.59,ID,1651365416
1088,kashi,39.4547,75.9797,17.56,27,75,3.0,CN,1651365416
1089,tromso,69.6496,18.957,-0.9,86,75,4.63,NO,1651365417
1090,makakilo city,21.3469,-158.0858,28.18,55,40,9.77,US,1651365417
1091,shima,24.4478,117.8111,18.01,90,100,2.43,CN,1651365418
1092,dakar,14.6937,-17.4441,21.49,94,0,4.12,SN,1651365244
1093,yaval,21.1667,75.7,28.57,53,5,4.4,IN,1651365419
1094,hovd,48.0056,91.6419,12.22,23,98,2.37,MN,1651365419
1095,usoke,-5.1667,32.35,16.85,94,72,1.48,TZ,1651365420
1096,benguela,-12.5763,13.4055,25.46,84,100,1.47,AO,1651365421
